<?xml version="1.0" encoding="UTF-8"?>

<FLOW VERSION="3.0" CLEANUP="true">
  <COMMENT></COMMENT>

  <!-- nodes -->

<INVOKE TIMEOUT="" SERVICE="tundra.pipeline:capture" VALIDATE-IN="$none" VALIDATE-OUT="$none">
  <COMMENT></COMMENT>

  <!-- nodes -->

<MAP MODE="INPUT">
</MAP>

<MAP MODE="OUTPUT">
</MAP>
</INVOKE>

<INVOKE TIMEOUT="" SERVICE="pub.client.sftp:login" VALIDATE-IN="$none" VALIDATE-OUT="$none">
  <COMMENT></COMMENT>

  <!-- nodes -->

<MAP MODE="INPUT">
  <MAPTARGET>

<Values version="2.0">
  <record name="xml" javaclass="com.wm.util.Values">
    <value name="node_type">record</value>
    <value name="is_public">false</value>
    <value name="field_name">loginInput</value>
    <value name="field_type">record</value>
    <value name="field_dim">0</value>
    <value name="nillable">true</value>
    <value name="form_qualified">false</value>
    <value name="is_global">false</value>
    <array name="rec_fields" type="record" depth="1">
      <record javaclass="com.wm.util.Values">
        <value name="node_type">field</value>
        <value name="is_public">false</value>
        <value name="field_name">userAlias</value>
        <value name="field_type">string</value>
        <value name="field_dim">0</value>
        <value name="nillable">true</value>
        <value name="form_qualified">false</value>
        <value name="is_global">false</value>
      </record>
      <record javaclass="com.wm.util.Values">
        <value name="node_type">field</value>
        <value name="is_public">false</value>
        <value name="field_name">reuseSession</value>
        <value name="field_type">string</value>
        <value name="field_dim">0</value>
        <value name="field_opt">true</value>
        <array name="field_options" type="value" depth="1">
          <value>false</value>
          <value>true</value>
        </array>
        <value name="nillable">true</value>
        <value name="form_qualified">false</value>
        <value name="is_global">false</value>
      </record>
    </array>
    <value name="modifiable">true</value>
  </record>
</Values>
</MAPTARGET>
  <MAPSOURCE>

<Values version="2.0">
  <record name="xml" javaclass="com.wm.util.Values">
    <value name="node_type">record</value>
    <value name="is_public">false</value>
    <value name="field_type">record</value>
    <value name="field_dim">0</value>
    <value name="nillable">true</value>
    <value name="form_qualified">false</value>
    <value name="is_global">false</value>
    <array name="rec_fields" type="record" depth="1">
      <record javaclass="com.wm.util.Values">
        <value name="node_type">record</value>
        <value name="node_comment"></value>
        <record name="node_hints" javaclass="com.wm.util.Values">
          <value name="field_largerEditor">false</value>
          <value name="field_password">false</value>
        </record>
        <value name="is_public">false</value>
        <value name="field_name">$source</value>
        <value name="field_type">record</value>
        <value name="field_dim">0</value>
        <value name="nillable">false</value>
        <value name="form_qualified">false</value>
        <value name="is_global">false</value>
        <array name="rec_fields" type="record" depth="1">
          <record javaclass="com.wm.util.Values">
            <value name="node_type">record</value>
            <value name="node_comment"></value>
            <record name="node_hints" javaclass="com.wm.util.Values">
              <null name="field_usereditable"/>
              <value name="field_largerEditor">false</value>
              <value name="field_password">false</value>
            </record>
            <value name="is_public">false</value>
            <value name="field_name">scheme</value>
            <value name="field_type">string</value>
            <value name="field_dim">0</value>
            <value name="field_opt">true</value>
            <record name="field_content_type" javaclass="com.wm.util.Values">
              <value name="contentType">1</value>
              <value name="internalType">reference</value>
              <value name="dataTypeVersion">dtVersion2</value>
              <array name="targetNames" type="record" depth="1">
                <record javaclass="com.wm.util.Values">
                  <value name="xmlns">http://www.w3.org/2001/XMLSchema</value>
                  <value name="ncName">string</value>
                </record>
              </array>
            </record>
            <value name="nillable">true</value>
            <value name="form_qualified">false</value>
            <value name="is_global">false</value>
          </record>
          <record javaclass="com.wm.util.Values">
            <value name="node_type">record</value>
            <value name="node_comment"></value>
            <record name="node_hints" javaclass="com.wm.util.Values">
              <null name="field_usereditable"/>
              <value name="field_largerEditor">false</value>
              <value name="field_password">false</value>
            </record>
            <value name="is_public">false</value>
            <value name="field_name">body</value>
            <value name="field_type">string</value>
            <value name="field_dim">0</value>
            <value name="field_opt">true</value>
            <record name="field_content_type" javaclass="com.wm.util.Values">
              <value name="contentType">1</value>
              <value name="internalType">reference</value>
              <value name="dataTypeVersion">dtVersion2</value>
              <array name="targetNames" type="record" depth="1">
                <record javaclass="com.wm.util.Values">
                  <value name="xmlns">http://www.w3.org/2001/XMLSchema</value>
                  <value name="ncName">string</value>
                </record>
              </array>
            </record>
            <value name="nillable">true</value>
            <value name="form_qualified">false</value>
            <value name="is_global">false</value>
          </record>
          <record javaclass="com.wm.util.Values">
            <value name="node_type">record</value>
            <value name="node_comment"></value>
            <record name="node_hints" javaclass="com.wm.util.Values">
              <value name="field_largerEditor">false</value>
              <value name="field_password">false</value>
            </record>
            <value name="is_public">false</value>
            <value name="field_name">authority</value>
            <value name="field_type">record</value>
            <value name="field_dim">0</value>
            <value name="field_opt">true</value>
            <value name="nillable">true</value>
            <value name="form_qualified">false</value>
            <value name="is_global">false</value>
            <array name="rec_fields" type="record" depth="1">
              <record javaclass="com.wm.util.Values">
                <value name="node_type">record</value>
                <value name="node_comment"></value>
                <record name="node_hints" javaclass="com.wm.util.Values">
                  <null name="field_usereditable"/>
                  <value name="field_largerEditor">false</value>
                  <value name="field_password">false</value>
                </record>
                <value name="is_public">false</value>
                <value name="field_name">registry</value>
                <value name="field_type">string</value>
                <value name="field_dim">0</value>
                <value name="field_opt">true</value>
                <record name="field_content_type" javaclass="com.wm.util.Values">
                  <value name="contentType">1</value>
                  <value name="internalType">reference</value>
                  <value name="dataTypeVersion">dtVersion2</value>
                  <array name="targetNames" type="record" depth="1">
                    <record javaclass="com.wm.util.Values">
                      <value name="xmlns">http://www.w3.org/2001/XMLSchema</value>
                      <value name="ncName">string</value>
                    </record>
                  </array>
                </record>
                <value name="nillable">true</value>
                <value name="form_qualified">false</value>
                <value name="is_global">false</value>
              </record>
              <record javaclass="com.wm.util.Values">
                <value name="node_type">record</value>
                <value name="node_comment"></value>
                <record name="node_hints" javaclass="com.wm.util.Values">
                  <value name="field_largerEditor">false</value>
                  <value name="field_password">false</value>
                </record>
                <value name="is_public">false</value>
                <value name="field_name">server</value>
                <value name="field_type">record</value>
                <value name="field_dim">0</value>
                <value name="field_opt">true</value>
                <value name="nillable">true</value>
                <value name="form_qualified">false</value>
                <value name="is_global">false</value>
                <array name="rec_fields" type="record" depth="1">
                  <record javaclass="com.wm.util.Values">
                    <value name="node_type">record</value>
                    <value name="node_comment"></value>
                    <record name="node_hints" javaclass="com.wm.util.Values">
                      <null name="field_usereditable"/>
                      <value name="field_largerEditor">false</value>
                      <value name="field_password">false</value>
                    </record>
                    <value name="is_public">false</value>
                    <value name="field_name">user</value>
                    <value name="field_type">string</value>
                    <value name="field_dim">0</value>
                    <value name="field_opt">true</value>
                    <record name="field_content_type" javaclass="com.wm.util.Values">
                      <value name="contentType">1</value>
                      <value name="internalType">reference</value>
                      <value name="dataTypeVersion">dtVersion2</value>
                      <array name="targetNames" type="record" depth="1">
                        <record javaclass="com.wm.util.Values">
                          <value name="xmlns">http://www.w3.org/2001/XMLSchema</value>
                          <value name="ncName">string</value>
                        </record>
                      </array>
                    </record>
                    <value name="nillable">true</value>
                    <value name="form_qualified">false</value>
                    <value name="is_global">false</value>
                  </record>
                  <record javaclass="com.wm.util.Values">
                    <value name="node_type">record</value>
                    <value name="node_comment"></value>
                    <record name="node_hints" javaclass="com.wm.util.Values">
                      <null name="field_usereditable"/>
                      <value name="field_largerEditor">false</value>
                      <value name="field_password">false</value>
                    </record>
                    <value name="is_public">false</value>
                    <value name="field_name">password</value>
                    <value name="field_type">string</value>
                    <value name="field_dim">0</value>
                    <value name="field_opt">true</value>
                    <record name="field_content_type" javaclass="com.wm.util.Values">
                      <value name="contentType">1</value>
                      <value name="internalType">reference</value>
                      <value name="dataTypeVersion">dtVersion2</value>
                      <array name="targetNames" type="record" depth="1">
                        <record javaclass="com.wm.util.Values">
                          <value name="xmlns">http://www.w3.org/2001/XMLSchema</value>
                          <value name="ncName">string</value>
                        </record>
                      </array>
                    </record>
                    <value name="nillable">true</value>
                    <value name="form_qualified">false</value>
                    <value name="is_global">false</value>
                  </record>
                  <record javaclass="com.wm.util.Values">
                    <value name="node_type">record</value>
                    <value name="node_comment"></value>
                    <record name="node_hints" javaclass="com.wm.util.Values">
                      <null name="field_usereditable"/>
                      <value name="field_largerEditor">false</value>
                      <value name="field_password">false</value>
                    </record>
                    <value name="is_public">false</value>
                    <value name="field_name">host</value>
                    <value name="field_type">string</value>
                    <value name="field_dim">0</value>
                    <record name="field_content_type" javaclass="com.wm.util.Values">
                      <value name="contentType">1</value>
                      <value name="internalType">reference</value>
                      <value name="dataTypeVersion">dtVersion2</value>
                      <array name="targetNames" type="record" depth="1">
                        <record javaclass="com.wm.util.Values">
                          <value name="xmlns">http://www.w3.org/2001/XMLSchema</value>
                          <value name="ncName">string</value>
                        </record>
                      </array>
                    </record>
                    <value name="nillable">true</value>
                    <value name="form_qualified">false</value>
                    <value name="is_global">false</value>
                  </record>
                  <record javaclass="com.wm.util.Values">
                    <value name="node_type">record</value>
                    <value name="node_comment"></value>
                    <record name="node_hints" javaclass="com.wm.util.Values">
                      <null name="field_usereditable"/>
                      <value name="field_largerEditor">false</value>
                      <value name="field_password">false</value>
                    </record>
                    <value name="is_public">false</value>
                    <value name="field_name">port</value>
                    <value name="field_type">string</value>
                    <value name="field_dim">0</value>
                    <value name="field_opt">true</value>
                    <record name="field_content_type" javaclass="com.wm.util.Values">
                      <value name="contentType">1</value>
                      <value name="internalType">reference</value>
                      <value name="dataTypeVersion">dtVersion2</value>
                      <array name="targetNames" type="record" depth="1">
                        <record javaclass="com.wm.util.Values">
                          <value name="xmlns">http://www.w3.org/2001/XMLSchema</value>
                          <value name="ncName">nonNegativeInteger</value>
                        </record>
                      </array>
                    </record>
                    <value name="nillable">true</value>
                    <value name="form_qualified">false</value>
                    <value name="is_global">false</value>
                  </record>
                </array>
                <value name="modifiable">true</value>
              </record>
            </array>
            <value name="modifiable">true</value>
          </record>
          <record javaclass="com.wm.util.Values">
            <value name="node_type">record</value>
            <value name="node_comment"></value>
            <record name="node_hints" javaclass="com.wm.util.Values">
              <value name="field_largerEditor">false</value>
              <value name="field_password">false</value>
            </record>
            <value name="is_public">false</value>
            <value name="field_name">path</value>
            <value name="field_type">string</value>
            <value name="field_dim">1</value>
            <value name="field_opt">true</value>
            <record name="field_content_type" javaclass="com.wm.util.Values">
              <value name="contentType">1</value>
              <value name="internalType">reference</value>
              <value name="dataTypeVersion">dtVersion2</value>
              <array name="targetNames" type="record" depth="1">
                <record javaclass="com.wm.util.Values">
                  <value name="xmlns">http://www.w3.org/2001/XMLSchema</value>
                  <value name="ncName">string</value>
                </record>
              </array>
            </record>
            <value name="nillable">true</value>
            <value name="form_qualified">false</value>
            <value name="is_global">false</value>
            <value name="is_soap_array_encoding_used">false</value>
          </record>
          <record javaclass="com.wm.util.Values">
            <value name="node_type">record</value>
            <value name="node_comment"></value>
            <record name="node_hints" javaclass="com.wm.util.Values">
              <null name="field_usereditable"/>
              <value name="field_largerEditor">false</value>
              <value name="field_password">false</value>
            </record>
            <value name="is_public">false</value>
            <value name="field_name">file</value>
            <value name="field_type">string</value>
            <value name="field_dim">0</value>
            <value name="field_opt">true</value>
            <record name="field_content_type" javaclass="com.wm.util.Values">
              <value name="contentType">1</value>
              <value name="internalType">reference</value>
              <value name="dataTypeVersion">dtVersion2</value>
              <array name="targetNames" type="record" depth="1">
                <record javaclass="com.wm.util.Values">
                  <value name="xmlns">http://www.w3.org/2001/XMLSchema</value>
                  <value name="ncName">string</value>
                </record>
              </array>
            </record>
            <value name="nillable">true</value>
            <value name="form_qualified">false</value>
            <value name="is_global">false</value>
          </record>
          <record javaclass="com.wm.util.Values">
            <value name="node_type">record</value>
            <value name="node_comment"></value>
            <record name="node_hints" javaclass="com.wm.util.Values">
              <value name="field_largerEditor">false</value>
              <value name="field_password">false</value>
            </record>
            <value name="is_public">false</value>
            <value name="field_name">query</value>
            <value name="field_type">record</value>
            <value name="field_dim">0</value>
            <value name="field_opt">true</value>
            <value name="nillable">true</value>
            <value name="form_qualified">false</value>
            <value name="is_global">false</value>
            <array name="rec_fields" type="record" depth="1">
            </array>
            <value name="modifiable">true</value>
          </record>
          <record javaclass="com.wm.util.Values">
            <value name="node_type">record</value>
            <value name="node_comment"></value>
            <record name="node_hints" javaclass="com.wm.util.Values">
              <null name="field_usereditable"/>
              <value name="field_largerEditor">false</value>
              <value name="field_password">false</value>
            </record>
            <value name="is_public">false</value>
            <value name="field_name">fragment</value>
            <value name="field_type">string</value>
            <value name="field_dim">0</value>
            <value name="field_opt">true</value>
            <record name="field_content_type" javaclass="com.wm.util.Values">
              <value name="contentType">1</value>
              <value name="internalType">reference</value>
              <value name="dataTypeVersion">dtVersion2</value>
              <array name="targetNames" type="record" depth="1">
                <record javaclass="com.wm.util.Values">
                  <value name="xmlns">http://www.w3.org/2001/XMLSchema</value>
                  <value name="ncName">string</value>
                </record>
              </array>
            </record>
            <value name="nillable">true</value>
            <value name="form_qualified">false</value>
            <value name="is_global">false</value>
          </record>
        </array>
        <value name="modifiable">true</value>
      </record>
      <record javaclass="com.wm.util.Values">
        <value name="node_type">record</value>
        <value name="node_comment"></value>
        <record name="node_hints" javaclass="com.wm.util.Values">
          <value name="field_usereditable">true</value>
          <value name="field_largerEditor">false</value>
          <value name="field_password">false</value>
        </record>
        <value name="is_public">false</value>
        <value name="field_name">$service</value>
        <value name="field_type">string</value>
        <value name="field_dim">0</value>
        <array name="field_options" type="value" depth="1">
        </array>
        <record name="field_content_type" javaclass="com.wm.util.Values">
          <value name="contentType">1</value>
          <value name="internalType">reference</value>
          <value name="dataTypeVersion">dtVersion2</value>
          <array name="targetNames" type="record" depth="1">
            <record javaclass="com.wm.util.Values">
              <value name="xmlns">http://www.w3.org/2001/XMLSchema</value>
              <value name="ncName">string</value>
            </record>
          </array>
        </record>
        <value name="nillable">false</value>
        <value name="form_qualified">false</value>
        <value name="is_global">false</value>
      </record>
      <record javaclass="com.wm.util.Values">
        <value name="node_type">record</value>
        <value name="node_comment"></value>
        <record name="node_hints" javaclass="com.wm.util.Values">
          <value name="field_usereditable">true</value>
          <value name="field_largerEditor">false</value>
          <value name="field_password">false</value>
        </record>
        <value name="is_public">false</value>
        <value name="field_name">$service.input</value>
        <value name="field_type">string</value>
        <value name="field_dim">0</value>
        <value name="field_opt">true</value>
        <array name="field_options" type="value" depth="1">
        </array>
        <record name="field_content_type" javaclass="com.wm.util.Values">
          <value name="contentType">1</value>
          <value name="internalType">reference</value>
          <value name="dataTypeVersion">dtVersion2</value>
          <array name="targetNames" type="record" depth="1">
            <record javaclass="com.wm.util.Values">
              <value name="xmlns">http://www.w3.org/2001/XMLSchema</value>
              <value name="ncName">string</value>
            </record>
          </array>
        </record>
        <value name="nillable">true</value>
        <value name="form_qualified">false</value>
        <value name="is_global">false</value>
      </record>
      <record javaclass="com.wm.util.Values">
        <value name="node_type">record</value>
        <value name="node_comment"></value>
        <record name="node_hints" javaclass="com.wm.util.Values">
          <value name="field_usereditable">true</value>
          <value name="field_largerEditor">false</value>
          <value name="field_password">false</value>
        </record>
        <value name="is_public">false</value>
        <value name="field_name">$limit</value>
        <value name="field_type">string</value>
        <value name="field_dim">0</value>
        <value name="field_opt">true</value>
        <array name="field_options" type="value" depth="1">
        </array>
        <record name="field_content_type" javaclass="com.wm.util.Values">
          <value name="contentType">1</value>
          <value name="internalType">reference</value>
          <value name="dataTypeVersion">dtVersion2</value>
          <array name="targetNames" type="record" depth="1">
            <record javaclass="com.wm.util.Values">
              <value name="xmlns">http://www.w3.org/2001/XMLSchema</value>
              <value name="ncName">positiveInteger</value>
            </record>
          </array>
        </record>
        <value name="nillable">true</value>
        <value name="form_qualified">false</value>
        <value name="is_global">false</value>
      </record>
      <record javaclass="com.wm.util.Values">
        <value name="node_type">record</value>
        <value name="node_comment"></value>
        <record name="node_hints" javaclass="com.wm.util.Values">
          <value name="field_largerEditor">false</value>
          <value name="field_password">false</value>
        </record>
        <value name="is_public">false</value>
        <value name="field_name">$pipeline</value>
        <value name="field_type">record</value>
        <value name="field_dim">0</value>
        <value name="nillable">true</value>
        <value name="form_qualified">false</value>
        <value name="is_global">false</value>
        <array name="rec_fields" type="record" depth="1">
        </array>
        <value name="modifiable">true</value>
      </record>
    </array>
    <value name="modifiable">true</value>
  </record>
</Values>
</MAPSOURCE>

  <!-- nodes -->

<MAPCOPY FROM="/$source;2;0/authority;2;0/server;2;0/host;1;0" TO="/userAlias;1;0" CONDITION="%$source/authority/server/host% != $null">
</MAPCOPY>

<MAPCOPY FROM="/$source;2;0/authority;2;0/registry;1;0" TO="/userAlias;1;0" CONDITION="%$source/authority/registry% != $null">
</MAPCOPY>
</MAP>

<MAP MODE="OUTPUT">
  <MAPTARGET>

<Values version="2.0">
  <record name="xml" javaclass="com.wm.util.Values">
    <value name="node_type">record</value>
    <value name="is_public">false</value>
    <value name="field_type">record</value>
    <value name="field_dim">0</value>
    <value name="nillable">true</value>
    <value name="form_qualified">false</value>
    <value name="is_global">false</value>
    <array name="rec_fields" type="record" depth="1">
      <record javaclass="com.wm.util.Values">
        <value name="node_type">unknown</value>
        <value name="is_public">false</value>
        <value name="field_name">userAlias</value>
        <value name="field_type">string</value>
        <value name="field_dim">0</value>
        <value name="nillable">true</value>
        <value name="form_qualified">false</value>
        <value name="is_global">false</value>
      </record>
      <record javaclass="com.wm.util.Values">
        <value name="node_type">record</value>
        <value name="node_comment"></value>
        <record name="node_hints" javaclass="com.wm.util.Values">
          <value name="field_largerEditor">false</value>
          <value name="field_password">false</value>
        </record>
        <value name="is_public">false</value>
        <value name="field_name">$source</value>
        <value name="field_type">record</value>
        <value name="field_dim">0</value>
        <value name="nillable">false</value>
        <value name="form_qualified">false</value>
        <value name="is_global">false</value>
        <array name="rec_fields" type="record" depth="1">
        </array>
        <value name="modifiable">true</value>
      </record>
      <record javaclass="com.wm.util.Values">
        <value name="node_type">record</value>
        <value name="node_comment"></value>
        <record name="node_hints" javaclass="com.wm.util.Values">
          <value name="field_usereditable">true</value>
          <value name="field_largerEditor">false</value>
          <value name="field_password">false</value>
        </record>
        <value name="is_public">false</value>
        <value name="field_name">$service</value>
        <value name="field_type">string</value>
        <value name="field_dim">0</value>
        <array name="field_options" type="value" depth="1">
        </array>
        <record name="field_content_type" javaclass="com.wm.util.Values">
          <value name="contentType">1</value>
          <value name="internalType">reference</value>
          <value name="dataTypeVersion">dtVersion2</value>
          <array name="targetNames" type="record" depth="1">
            <record javaclass="com.wm.util.Values">
              <value name="xmlns">http://www.w3.org/2001/XMLSchema</value>
              <value name="ncName">string</value>
            </record>
          </array>
        </record>
        <value name="nillable">false</value>
        <value name="form_qualified">false</value>
        <value name="is_global">false</value>
      </record>
      <record javaclass="com.wm.util.Values">
        <value name="node_type">record</value>
        <value name="node_comment"></value>
        <record name="node_hints" javaclass="com.wm.util.Values">
          <value name="field_usereditable">true</value>
          <value name="field_largerEditor">false</value>
          <value name="field_password">false</value>
        </record>
        <value name="is_public">false</value>
        <value name="field_name">$service.input</value>
        <value name="field_type">string</value>
        <value name="field_dim">0</value>
        <value name="field_opt">true</value>
        <array name="field_options" type="value" depth="1">
        </array>
        <record name="field_content_type" javaclass="com.wm.util.Values">
          <value name="contentType">1</value>
          <value name="internalType">reference</value>
          <value name="dataTypeVersion">dtVersion2</value>
          <array name="targetNames" type="record" depth="1">
            <record javaclass="com.wm.util.Values">
              <value name="xmlns">http://www.w3.org/2001/XMLSchema</value>
              <value name="ncName">string</value>
            </record>
          </array>
        </record>
        <value name="nillable">true</value>
        <value name="form_qualified">false</value>
        <value name="is_global">false</value>
      </record>
      <record javaclass="com.wm.util.Values">
        <value name="node_type">record</value>
        <value name="node_comment"></value>
        <record name="node_hints" javaclass="com.wm.util.Values">
          <value name="field_usereditable">true</value>
          <value name="field_largerEditor">false</value>
          <value name="field_password">false</value>
        </record>
        <value name="is_public">false</value>
        <value name="field_name">$limit</value>
        <value name="field_type">string</value>
        <value name="field_dim">0</value>
        <value name="field_opt">true</value>
        <array name="field_options" type="value" depth="1">
        </array>
        <record name="field_content_type" javaclass="com.wm.util.Values">
          <value name="contentType">1</value>
          <value name="internalType">reference</value>
          <value name="dataTypeVersion">dtVersion2</value>
          <array name="targetNames" type="record" depth="1">
            <record javaclass="com.wm.util.Values">
              <value name="xmlns">http://www.w3.org/2001/XMLSchema</value>
              <value name="ncName">positiveInteger</value>
            </record>
          </array>
        </record>
        <value name="nillable">true</value>
        <value name="form_qualified">false</value>
        <value name="is_global">false</value>
      </record>
      <record javaclass="com.wm.util.Values">
        <value name="node_type">record</value>
        <value name="node_comment"></value>
        <record name="node_hints" javaclass="com.wm.util.Values">
          <value name="field_largerEditor">false</value>
          <value name="field_password">false</value>
        </record>
        <value name="is_public">false</value>
        <value name="field_name">$pipeline</value>
        <value name="field_type">record</value>
        <value name="field_dim">0</value>
        <value name="nillable">true</value>
        <value name="form_qualified">false</value>
        <value name="is_global">false</value>
        <array name="rec_fields" type="record" depth="1">
        </array>
        <value name="modifiable">true</value>
      </record>
      <record javaclass="com.wm.util.Values">
        <value name="node_type">field</value>
        <value name="is_public">false</value>
        <value name="field_name">sessionKey</value>
        <value name="field_type">string</value>
        <value name="field_dim">0</value>
        <value name="nillable">true</value>
        <value name="form_qualified">false</value>
        <value name="is_global">false</value>
      </record>
      <record javaclass="com.wm.util.Values">
        <value name="node_type">field</value>
        <value name="is_public">false</value>
        <value name="field_name">returnCode</value>
        <value name="field_type">string</value>
        <value name="field_dim">0</value>
        <value name="nillable">true</value>
        <value name="form_qualified">false</value>
        <value name="is_global">false</value>
      </record>
      <record javaclass="com.wm.util.Values">
        <value name="node_type">field</value>
        <value name="is_public">false</value>
        <value name="field_name">returnMsg</value>
        <value name="field_type">string</value>
        <value name="field_dim">0</value>
        <value name="nillable">true</value>
        <value name="form_qualified">false</value>
        <value name="is_global">false</value>
      </record>
    </array>
    <value name="modifiable">true</value>
  </record>
</Values>
</MAPTARGET>
  <MAPSOURCE>

<Values version="2.0">
  <record name="xml" javaclass="com.wm.util.Values">
    <value name="node_type">record</value>
    <value name="is_public">false</value>
    <value name="field_name">loginOutput</value>
    <value name="field_type">record</value>
    <value name="field_dim">0</value>
    <value name="nillable">true</value>
    <value name="form_qualified">false</value>
    <value name="is_global">false</value>
    <array name="rec_fields" type="record" depth="1">
    </array>
    <value name="modifiable">true</value>
  </record>
</Values>
</MAPSOURCE>

  <!-- nodes -->

<MAPDELETE FIELD="/userAlias;1;0">
</MAPDELETE>
</MAP>
</INVOKE>

<BRANCH TIMEOUT="" LABELEXPRESSIONS="true">
  <COMMENT></COMMENT>

  <!-- nodes -->

<INVOKE NAME="%returnCode% != 0" TIMEOUT="" SERVICE="tundra.support.exception.sftp:raise" VALIDATE-IN="$none" VALIDATE-OUT="$none">
  <COMMENT></COMMENT>

  <!-- nodes -->

<MAP MODE="INPUT">
</MAP>

<MAP MODE="OUTPUT">
  <MAPTARGET>

<Values version="2.0">
  <record name="xml" javaclass="com.wm.util.Values">
    <value name="node_type">record</value>
    <value name="is_public">false</value>
    <value name="field_type">record</value>
    <value name="field_dim">0</value>
    <value name="nillable">true</value>
    <value name="form_qualified">false</value>
    <value name="is_global">false</value>
    <array name="rec_fields" type="record" depth="1">
      <record javaclass="com.wm.util.Values">
        <value name="node_type">record</value>
        <value name="is_public">false</value>
        <value name="field_name">$source</value>
        <value name="field_type">record</value>
        <value name="field_dim">0</value>
        <value name="nillable">true</value>
        <value name="form_qualified">false</value>
        <value name="is_global">false</value>
        <array name="rec_fields" type="record" depth="1">
        </array>
        <value name="modifiable">true</value>
      </record>
      <record javaclass="com.wm.util.Values">
        <value name="node_type">record</value>
        <value name="node_comment"></value>
        <record name="node_hints" javaclass="com.wm.util.Values">
          <value name="field_usereditable">true</value>
          <value name="field_largerEditor">false</value>
          <value name="field_password">false</value>
        </record>
        <value name="is_public">false</value>
        <value name="field_name">$limit</value>
        <value name="field_type">string</value>
        <value name="field_dim">0</value>
        <value name="field_opt">true</value>
        <array name="field_options" type="value" depth="1">
        </array>
        <record name="field_content_type" javaclass="com.wm.util.Values">
          <value name="contentType">1</value>
          <value name="internalType">reference</value>
          <value name="dataTypeVersion">dtVersion2</value>
          <array name="targetNames" type="record" depth="1">
            <record javaclass="com.wm.util.Values">
              <value name="xmlns">http://www.w3.org/2001/XMLSchema</value>
              <value name="ncName">positiveInteger</value>
            </record>
          </array>
        </record>
        <value name="nillable">true</value>
        <value name="form_qualified">false</value>
        <value name="is_global">false</value>
      </record>
      <record javaclass="com.wm.util.Values">
        <value name="node_type">record</value>
        <value name="node_comment"></value>
        <record name="node_hints" javaclass="com.wm.util.Values">
          <value name="field_largerEditor">false</value>
          <value name="field_password">false</value>
        </record>
        <value name="is_public">false</value>
        <value name="field_name">$pipeline</value>
        <value name="field_type">record</value>
        <value name="field_dim">0</value>
        <value name="nillable">true</value>
        <value name="form_qualified">false</value>
        <value name="is_global">false</value>
        <array name="rec_fields" type="record" depth="1">
        </array>
        <value name="modifiable">true</value>
      </record>
      <record javaclass="com.wm.util.Values">
        <value name="node_type">field</value>
        <value name="is_public">false</value>
        <value name="field_name">sessionKey</value>
        <value name="field_type">string</value>
        <value name="field_dim">0</value>
        <value name="nillable">true</value>
        <value name="form_qualified">false</value>
        <value name="is_global">false</value>
      </record>
      <record javaclass="com.wm.util.Values">
        <value name="node_type">field</value>
        <value name="is_public">false</value>
        <value name="field_name">returnCode</value>
        <value name="field_type">string</value>
        <value name="field_dim">0</value>
        <value name="nillable">true</value>
        <value name="form_qualified">false</value>
        <value name="is_global">false</value>
      </record>
      <record javaclass="com.wm.util.Values">
        <value name="node_type">field</value>
        <value name="is_public">false</value>
        <value name="field_name">returnMsg</value>
        <value name="field_type">string</value>
        <value name="field_dim">0</value>
        <value name="nillable">true</value>
        <value name="form_qualified">false</value>
        <value name="is_global">false</value>
      </record>
    </array>
    <value name="modifiable">true</value>
  </record>
</Values>
</MAPTARGET>
  <MAPSOURCE>

<Values version="2.0">
  <record name="xml" javaclass="com.wm.util.Values">
    <value name="node_type">record</value>
    <value name="is_public">false</value>
    <value name="field_type">record</value>
    <value name="field_dim">0</value>
    <value name="nillable">true</value>
    <value name="form_qualified">false</value>
    <value name="is_global">false</value>
    <array name="rec_fields" type="record" depth="1">
    </array>
    <value name="modifiable">true</value>
  </record>
</Values>
</MAPSOURCE>

  <!-- nodes -->

<MAPDELETE FIELD="/returnCode;1;0">
</MAPDELETE>

<MAPDELETE FIELD="/returnMsg;1;0">
</MAPDELETE>
</MAP>
</INVOKE>

<INVOKE NAME="$default" TIMEOUT="" SERVICE="tundra.service:ensure" VALIDATE-IN="$none" VALIDATE-OUT="$none">
  <COMMENT>tundra.support.content.retrieve:sftp</COMMENT>

  <!-- nodes -->

<MAP MODE="INPUT">
  <MAPTARGET>

<Values version="2.0">
  <record name="xml" javaclass="com.wm.util.Values">
    <value name="node_type">record</value>
    <value name="is_public">false</value>
    <value name="field_type">record</value>
    <value name="field_dim">0</value>
    <value name="nillable">true</value>
    <value name="form_qualified">false</value>
    <value name="is_global">false</value>
    <array name="rec_fields" type="record" depth="1">
      <record javaclass="com.wm.util.Values">
        <value name="node_type">record</value>
        <value name="node_comment"></value>
        <record name="node_hints" javaclass="com.wm.util.Values">
          <null name="field_usereditable"/>
          <value name="field_largerEditor">false</value>
          <value name="field_password">false</value>
        </record>
        <value name="is_public">false</value>
        <value name="field_name">$service</value>
        <value name="field_type">string</value>
        <value name="field_dim">0</value>
        <value name="field_opt">true</value>
        <record name="field_content_type" javaclass="com.wm.util.Values">
          <value name="contentType">1</value>
          <value name="internalType">reference</value>
          <value name="dataTypeVersion">dtVersion2</value>
          <array name="targetNames" type="record" depth="1">
            <record javaclass="com.wm.util.Values">
              <value name="xmlns">http://www.w3.org/2001/XMLSchema</value>
              <value name="ncName">string</value>
            </record>
          </array>
        </record>
        <value name="nillable">true</value>
        <value name="form_qualified">false</value>
        <value name="is_global">false</value>
      </record>
      <record javaclass="com.wm.util.Values">
        <value name="node_type">record</value>
        <value name="node_comment"></value>
        <record name="node_hints" javaclass="com.wm.util.Values">
          <null name="field_usereditable"/>
          <value name="field_largerEditor">false</value>
          <value name="field_password">false</value>
        </record>
        <value name="is_public">false</value>
        <value name="field_name">$catch</value>
        <value name="field_type">string</value>
        <value name="field_dim">0</value>
        <value name="field_opt">true</value>
        <record name="field_content_type" javaclass="com.wm.util.Values">
          <value name="contentType">1</value>
          <value name="internalType">reference</value>
          <value name="dataTypeVersion">dtVersion2</value>
          <array name="targetNames" type="record" depth="1">
            <record javaclass="com.wm.util.Values">
              <value name="xmlns">http://www.w3.org/2001/XMLSchema</value>
              <value name="ncName">string</value>
            </record>
          </array>
        </record>
        <value name="nillable">true</value>
        <value name="form_qualified">false</value>
        <value name="is_global">false</value>
      </record>
      <record javaclass="com.wm.util.Values">
        <value name="node_type">record</value>
        <value name="node_comment"></value>
        <record name="node_hints" javaclass="com.wm.util.Values">
          <null name="field_usereditable"/>
          <value name="field_largerEditor">false</value>
          <value name="field_password">false</value>
        </record>
        <value name="is_public">false</value>
        <value name="field_name">$finally</value>
        <value name="field_type">string</value>
        <value name="field_dim">0</value>
        <value name="field_opt">true</value>
        <record name="field_content_type" javaclass="com.wm.util.Values">
          <value name="contentType">1</value>
          <value name="internalType">reference</value>
          <value name="dataTypeVersion">dtVersion2</value>
          <array name="targetNames" type="record" depth="1">
            <record javaclass="com.wm.util.Values">
              <value name="xmlns">http://www.w3.org/2001/XMLSchema</value>
              <value name="ncName">string</value>
            </record>
          </array>
        </record>
        <value name="nillable">true</value>
        <value name="form_qualified">false</value>
        <value name="is_global">false</value>
      </record>
      <record javaclass="com.wm.util.Values">
        <value name="node_type">record</value>
        <value name="node_comment"></value>
        <record name="node_hints" javaclass="com.wm.util.Values">
          <value name="field_largerEditor">false</value>
          <value name="field_password">false</value>
        </record>
        <value name="is_public">false</value>
        <value name="field_name">$pipeline</value>
        <value name="field_type">record</value>
        <value name="field_dim">0</value>
        <value name="field_opt">true</value>
        <value name="nillable">true</value>
        <value name="form_qualified">false</value>
        <value name="is_global">false</value>
        <array name="rec_fields" type="record" depth="1">
          <record javaclass="com.wm.util.Values">
            <value name="node_type">unknown</value>
            <value name="is_public">false</value>
            <value name="field_name">$sftp.session.key</value>
            <value name="field_type">string</value>
            <value name="field_dim">0</value>
            <value name="nillable">true</value>
            <value name="form_qualified">false</value>
            <value name="is_global">false</value>
          </record>
        </array>
        <value name="modifiable">true</value>
      </record>
      <record javaclass="com.wm.util.Values">
        <value name="node_type">record</value>
        <value name="node_comment"></value>
        <record name="node_hints" javaclass="com.wm.util.Values">
          <value name="field_largerEditor">false</value>
          <value name="field_password">false</value>
        </record>
        <value name="is_public">false</value>
        <value name="field_name">$pipeline.catch</value>
        <value name="field_type">record</value>
        <value name="field_dim">0</value>
        <value name="field_opt">true</value>
        <value name="nillable">true</value>
        <value name="form_qualified">false</value>
        <value name="is_global">false</value>
        <array name="rec_fields" type="record" depth="1">
        </array>
        <value name="modifiable">true</value>
      </record>
      <record javaclass="com.wm.util.Values">
        <value name="node_type">record</value>
        <value name="node_comment"></value>
        <record name="node_hints" javaclass="com.wm.util.Values">
          <value name="field_largerEditor">false</value>
          <value name="field_password">false</value>
        </record>
        <value name="is_public">false</value>
        <value name="field_name">$pipeline.finally</value>
        <value name="field_type">record</value>
        <value name="field_dim">0</value>
        <value name="field_opt">true</value>
        <value name="nillable">true</value>
        <value name="form_qualified">false</value>
        <value name="is_global">false</value>
        <array name="rec_fields" type="record" depth="1">
          <record javaclass="com.wm.util.Values">
            <value name="node_type">unknown</value>
            <value name="is_public">false</value>
            <value name="field_name">sessionKey</value>
            <value name="field_type">string</value>
            <value name="field_dim">0</value>
            <value name="nillable">true</value>
            <value name="form_qualified">false</value>
            <value name="is_global">false</value>
          </record>
        </array>
        <value name="modifiable">true</value>
      </record>
    </array>
    <value name="modifiable">true</value>
  </record>
</Values>
</MAPTARGET>
  <MAPSOURCE>

<Values version="2.0">
  <record name="xml" javaclass="com.wm.util.Values">
    <value name="node_type">record</value>
    <value name="is_public">false</value>
    <value name="field_type">record</value>
    <value name="field_dim">0</value>
    <value name="nillable">true</value>
    <value name="form_qualified">false</value>
    <value name="is_global">false</value>
    <array name="rec_fields" type="record" depth="1">
      <record javaclass="com.wm.util.Values">
        <value name="node_type">record</value>
        <value name="is_public">false</value>
        <value name="field_name">$source</value>
        <value name="field_type">record</value>
        <value name="field_dim">0</value>
        <value name="nillable">true</value>
        <value name="form_qualified">false</value>
        <value name="is_global">false</value>
        <array name="rec_fields" type="record" depth="1">
        </array>
        <value name="modifiable">true</value>
      </record>
      <record javaclass="com.wm.util.Values">
        <value name="node_type">record</value>
        <value name="is_public">false</value>
        <value name="field_name">$pipeline.catch</value>
        <value name="field_type">record</value>
        <value name="field_dim">0</value>
        <value name="nillable">true</value>
        <value name="form_qualified">false</value>
        <value name="is_global">false</value>
        <array name="rec_fields" type="record" depth="1">
        </array>
        <value name="modifiable">true</value>
      </record>
      <record javaclass="com.wm.util.Values">
        <value name="node_type">record</value>
        <value name="node_comment"></value>
        <record name="node_hints" javaclass="com.wm.util.Values">
          <value name="field_usereditable">true</value>
          <value name="field_largerEditor">false</value>
          <value name="field_password">false</value>
        </record>
        <value name="is_public">false</value>
        <value name="field_name">$limit</value>
        <value name="field_type">string</value>
        <value name="field_dim">0</value>
        <value name="field_opt">true</value>
        <array name="field_options" type="value" depth="1">
        </array>
        <record name="field_content_type" javaclass="com.wm.util.Values">
          <value name="contentType">1</value>
          <value name="internalType">reference</value>
          <value name="dataTypeVersion">dtVersion2</value>
          <array name="targetNames" type="record" depth="1">
            <record javaclass="com.wm.util.Values">
              <value name="xmlns">http://www.w3.org/2001/XMLSchema</value>
              <value name="ncName">positiveInteger</value>
            </record>
          </array>
        </record>
        <value name="nillable">true</value>
        <value name="form_qualified">false</value>
        <value name="is_global">false</value>
      </record>
      <record javaclass="com.wm.util.Values">
        <value name="node_type">unknown</value>
        <value name="is_public">false</value>
        <value name="field_name">returnCode</value>
        <value name="field_type">string</value>
        <value name="field_dim">0</value>
        <value name="nillable">true</value>
        <value name="form_qualified">false</value>
        <value name="is_global">false</value>
      </record>
      <record javaclass="com.wm.util.Values">
        <value name="node_type">unknown</value>
        <value name="is_public">false</value>
        <value name="field_name">returnMsg</value>
        <value name="field_type">string</value>
        <value name="field_dim">0</value>
        <value name="nillable">true</value>
        <value name="form_qualified">false</value>
        <value name="is_global">false</value>
      </record>
      <record javaclass="com.wm.util.Values">
        <value name="node_type">record</value>
        <value name="node_comment"></value>
        <record name="node_hints" javaclass="com.wm.util.Values">
          <value name="field_largerEditor">false</value>
          <value name="field_password">false</value>
        </record>
        <value name="is_public">false</value>
        <value name="field_name">$pipeline</value>
        <value name="field_type">record</value>
        <value name="field_dim">0</value>
        <value name="nillable">true</value>
        <value name="form_qualified">false</value>
        <value name="is_global">false</value>
        <array name="rec_fields" type="record" depth="1">
        </array>
        <value name="modifiable">true</value>
      </record>
      <record javaclass="com.wm.util.Values">
        <value name="node_type">field</value>
        <value name="is_public">false</value>
        <value name="field_name">sessionKey</value>
        <value name="field_type">string</value>
        <value name="field_dim">0</value>
        <value name="nillable">true</value>
        <value name="form_qualified">false</value>
        <value name="is_global">false</value>
      </record>
    </array>
    <value name="modifiable">true</value>
  </record>
</Values>
</MAPSOURCE>

  <!-- nodes -->

<MAPDELETE NAME="Dropper" FIELD="/$pipeline.catch;2;0">
</MAPDELETE>

<MAPSET NAME="Setter" OVERWRITE="true" VARIABLES="false" FIELD="/$finally;1;0">
  <DATA ENCODING="XMLValues" I18N="true">

<Values version="2.0">
  <value name="xml">pub.client.sftp:logout</value>
  <record name="type" javaclass="com.wm.util.Values">
    <value name="node_type">record</value>
    <value name="node_comment"></value>
    <record name="node_hints" javaclass="com.wm.util.Values">
      <null name="field_usereditable"/>
      <value name="field_largerEditor">false</value>
      <value name="field_password">false</value>
    </record>
    <value name="is_public">false</value>
    <value name="field_name">$finally</value>
    <value name="field_type">string</value>
    <value name="field_dim">0</value>
    <value name="field_opt">true</value>
    <record name="field_content_type" javaclass="com.wm.util.Values">
      <value name="contentType">1</value>
      <value name="internalType">reference</value>
      <value name="dataTypeVersion">dtVersion2</value>
      <array name="targetNames" type="record" depth="1">
        <record javaclass="com.wm.util.Values">
          <value name="xmlns">http://www.w3.org/2001/XMLSchema</value>
          <value name="ncName">string</value>
        </record>
      </array>
    </record>
    <value name="nillable">true</value>
    <value name="form_qualified">false</value>
    <value name="is_global">false</value>
  </record>
</Values>
</DATA>
</MAPSET>

<MAPSET NAME="Setter" OVERWRITE="true" VARIABLES="false" FIELD="/$catch;1;0">
  <DATA ENCODING="XMLValues" I18N="true">

<Values version="2.0">
  <value name="xml">tundra.support.content.retrieve.sftp.exception:rescue</value>
  <record name="type" javaclass="com.wm.util.Values">
    <value name="node_type">record</value>
    <value name="node_comment"></value>
    <record name="node_hints" javaclass="com.wm.util.Values">
      <null name="field_usereditable"/>
      <value name="field_largerEditor">false</value>
      <value name="field_password">false</value>
    </record>
    <value name="is_public">false</value>
    <value name="field_name">$catch</value>
    <value name="field_type">string</value>
    <value name="field_dim">0</value>
    <value name="field_opt">true</value>
    <record name="field_content_type" javaclass="com.wm.util.Values">
      <value name="contentType">1</value>
      <value name="internalType">reference</value>
      <value name="dataTypeVersion">dtVersion2</value>
      <array name="targetNames" type="record" depth="1">
        <record javaclass="com.wm.util.Values">
          <value name="xmlns">http://www.w3.org/2001/XMLSchema</value>
          <value name="ncName">string</value>
        </record>
      </array>
    </record>
    <value name="nillable">true</value>
    <value name="form_qualified">false</value>
    <value name="is_global">false</value>
  </record>
</Values>
</DATA>
</MAPSET>

<MAPSET NAME="Setter" OVERWRITE="true" VARIABLES="false" FIELD="/$service;1;0">
  <DATA ENCODING="XMLValues" I18N="true">

<Values version="2.0">
  <value name="xml">tundra.support.content.retrieve:sftp</value>
  <record name="type" javaclass="com.wm.util.Values">
    <value name="node_type">record</value>
    <value name="node_comment"></value>
    <record name="node_hints" javaclass="com.wm.util.Values">
      <null name="field_usereditable"/>
      <value name="field_largerEditor">false</value>
      <value name="field_password">false</value>
    </record>
    <value name="is_public">false</value>
    <value name="field_name">$service</value>
    <value name="field_type">string</value>
    <value name="field_dim">0</value>
    <value name="field_opt">true</value>
    <record name="field_content_type" javaclass="com.wm.util.Values">
      <value name="contentType">1</value>
      <value name="internalType">reference</value>
      <value name="dataTypeVersion">dtVersion2</value>
      <array name="targetNames" type="record" depth="1">
        <record javaclass="com.wm.util.Values">
          <value name="xmlns">http://www.w3.org/2001/XMLSchema</value>
          <value name="ncName">string</value>
        </record>
      </array>
    </record>
    <value name="nillable">true</value>
    <value name="form_qualified">false</value>
    <value name="is_global">false</value>
  </record>
</Values>
</DATA>
</MAPSET>

<MAPCOPY FROM="/sessionKey;1;0" TO="/$pipeline.finally;2;0/sessionKey;1;0">
</MAPCOPY>

<MAPCOPY FROM="/sessionKey;1;0" TO="/$pipeline;2;0/$sftp.session.key;1;0">
</MAPCOPY>

<MAPDELETE FIELD="/returnCode;1;0">
</MAPDELETE>

<MAPDELETE FIELD="/returnMsg;1;0">
</MAPDELETE>
</MAP>

<MAP MODE="OUTPUT">
  <MAPTARGET>

<Values version="2.0">
  <record name="xml" javaclass="com.wm.util.Values">
    <value name="node_type">record</value>
    <value name="is_public">false</value>
    <value name="field_type">record</value>
    <value name="field_dim">0</value>
    <value name="nillable">true</value>
    <value name="form_qualified">false</value>
    <value name="is_global">false</value>
    <array name="rec_fields" type="record" depth="1">
      <record javaclass="com.wm.util.Values">
        <value name="node_type">unknown</value>
        <value name="is_public">false</value>
        <value name="field_name">$service</value>
        <value name="field_type">string</value>
        <value name="field_dim">0</value>
        <value name="nillable">true</value>
        <value name="form_qualified">false</value>
        <value name="is_global">false</value>
      </record>
      <record javaclass="com.wm.util.Values">
        <value name="node_type">unknown</value>
        <value name="is_public">false</value>
        <value name="field_name">$catch</value>
        <value name="field_type">string</value>
        <value name="field_dim">0</value>
        <value name="nillable">true</value>
        <value name="form_qualified">false</value>
        <value name="is_global">false</value>
      </record>
      <record javaclass="com.wm.util.Values">
        <value name="node_type">unknown</value>
        <value name="is_public">false</value>
        <value name="field_name">$finally</value>
        <value name="field_type">string</value>
        <value name="field_dim">0</value>
        <value name="nillable">true</value>
        <value name="form_qualified">false</value>
        <value name="is_global">false</value>
      </record>
      <record javaclass="com.wm.util.Values">
        <value name="node_type">record</value>
        <value name="is_public">false</value>
        <value name="field_name">$source</value>
        <value name="field_type">record</value>
        <value name="field_dim">0</value>
        <value name="nillable">true</value>
        <value name="form_qualified">false</value>
        <value name="is_global">false</value>
        <array name="rec_fields" type="record" depth="1">
        </array>
        <value name="modifiable">true</value>
      </record>
      <record javaclass="com.wm.util.Values">
        <value name="node_type">unknown</value>
        <value name="is_public">false</value>
        <value name="field_name">$message</value>
        <value name="field_type">string</value>
        <value name="field_dim">0</value>
        <value name="nillable">true</value>
        <value name="form_qualified">false</value>
        <value name="is_global">false</value>
      </record>
      <record javaclass="com.wm.util.Values">
        <value name="node_type">unknown</value>
        <value name="is_public">false</value>
        <value name="field_name">$exceptions</value>
        <value name="field_type">object</value>
        <value name="field_dim">1</value>
        <value name="nillable">true</value>
        <value name="form_qualified">false</value>
        <value name="is_global">false</value>
        <value name="is_soap_array_encoding_used">false</value>
      </record>
      <record javaclass="com.wm.util.Values">
        <value name="node_type">record</value>
        <value name="node_comment"></value>
        <record name="node_hints" javaclass="com.wm.util.Values">
          <value name="field_usereditable">true</value>
          <value name="field_largerEditor">false</value>
          <value name="field_password">false</value>
        </record>
        <value name="is_public">false</value>
        <value name="field_name">$limit</value>
        <value name="field_type">string</value>
        <value name="field_dim">0</value>
        <value name="field_opt">true</value>
        <array name="field_options" type="value" depth="1">
        </array>
        <record name="field_content_type" javaclass="com.wm.util.Values">
          <value name="contentType">1</value>
          <value name="internalType">reference</value>
          <value name="dataTypeVersion">dtVersion2</value>
          <array name="targetNames" type="record" depth="1">
            <record javaclass="com.wm.util.Values">
              <value name="xmlns">http://www.w3.org/2001/XMLSchema</value>
              <value name="ncName">positiveInteger</value>
            </record>
          </array>
        </record>
        <value name="nillable">true</value>
        <value name="form_qualified">false</value>
        <value name="is_global">false</value>
      </record>
      <record javaclass="com.wm.util.Values">
        <value name="node_type">record</value>
        <value name="is_public">false</value>
        <value name="field_name">$pipeline.finally</value>
        <value name="field_type">record</value>
        <value name="field_dim">0</value>
        <value name="nillable">true</value>
        <value name="form_qualified">false</value>
        <value name="is_global">false</value>
        <array name="rec_fields" type="record" depth="1">
          <record javaclass="com.wm.util.Values">
            <value name="node_type">unknown</value>
            <value name="is_public">false</value>
            <value name="field_name">sessionKey</value>
            <value name="field_type">string</value>
            <value name="field_dim">0</value>
            <value name="nillable">true</value>
            <value name="form_qualified">false</value>
            <value name="is_global">false</value>
          </record>
        </array>
        <value name="modifiable">true</value>
      </record>
      <record javaclass="com.wm.util.Values">
        <value name="node_type">record</value>
        <value name="node_comment"></value>
        <record name="node_hints" javaclass="com.wm.util.Values">
          <value name="field_largerEditor">false</value>
          <value name="field_password">false</value>
        </record>
        <value name="is_public">false</value>
        <value name="field_name">$pipeline</value>
        <value name="field_type">record</value>
        <value name="field_dim">0</value>
        <value name="nillable">true</value>
        <value name="form_qualified">false</value>
        <value name="is_global">false</value>
        <array name="rec_fields" type="record" depth="1">
          <record javaclass="com.wm.util.Values">
            <value name="node_type">unknown</value>
            <value name="is_public">false</value>
            <value name="field_name">$message</value>
            <value name="field_type">string</value>
            <value name="field_dim">0</value>
            <value name="nillable">true</value>
            <value name="form_qualified">false</value>
            <value name="is_global">false</value>
          </record>
          <record javaclass="com.wm.util.Values">
            <value name="node_type">unknown</value>
            <value name="is_public">false</value>
            <value name="field_name">$exceptions</value>
            <value name="field_type">object</value>
            <value name="field_dim">1</value>
            <value name="nillable">true</value>
            <value name="form_qualified">false</value>
            <value name="is_global">false</value>
            <value name="is_soap_array_encoding_used">false</value>
          </record>
          <record javaclass="com.wm.util.Values">
            <value name="node_type">unknown</value>
            <value name="is_public">false</value>
            <value name="field_name">$sftp.session.key</value>
            <value name="field_type">string</value>
            <value name="field_dim">0</value>
            <value name="nillable">true</value>
            <value name="form_qualified">false</value>
            <value name="is_global">false</value>
          </record>
        </array>
        <value name="modifiable">true</value>
      </record>
      <record javaclass="com.wm.util.Values">
        <value name="node_type">field</value>
        <value name="is_public">false</value>
        <value name="field_name">sessionKey</value>
        <value name="field_type">string</value>
        <value name="field_dim">0</value>
        <value name="nillable">true</value>
        <value name="form_qualified">false</value>
        <value name="is_global">false</value>
      </record>
    </array>
    <value name="modifiable">true</value>
  </record>
</Values>
</MAPTARGET>
  <MAPSOURCE>

<Values version="2.0">
  <record name="xml" javaclass="com.wm.util.Values">
    <value name="node_type">record</value>
    <value name="is_public">false</value>
    <value name="field_type">record</value>
    <value name="field_dim">0</value>
    <value name="nillable">true</value>
    <value name="form_qualified">false</value>
    <value name="is_global">false</value>
    <array name="rec_fields" type="record" depth="1">
      <record javaclass="com.wm.util.Values">
        <value name="node_type">record</value>
        <value name="node_comment"></value>
        <record name="node_hints" javaclass="com.wm.util.Values">
          <value name="field_largerEditor">false</value>
          <value name="field_password">false</value>
        </record>
        <value name="is_public">false</value>
        <value name="field_name">$pipeline</value>
        <value name="field_type">record</value>
        <value name="field_dim">0</value>
        <value name="field_opt">true</value>
        <value name="nillable">true</value>
        <value name="form_qualified">false</value>
        <value name="is_global">false</value>
        <array name="rec_fields" type="record" depth="1">
          <record javaclass="com.wm.util.Values">
            <value name="node_type">unknown</value>
            <value name="is_public">false</value>
            <value name="field_name">$message</value>
            <value name="field_type">string</value>
            <value name="field_dim">0</value>
            <value name="nillable">true</value>
            <value name="form_qualified">false</value>
            <value name="is_global">false</value>
          </record>
          <record javaclass="com.wm.util.Values">
            <value name="node_type">unknown</value>
            <value name="is_public">false</value>
            <value name="field_name">$exceptions</value>
            <value name="field_type">object</value>
            <value name="field_dim">1</value>
            <value name="nillable">true</value>
            <value name="form_qualified">false</value>
            <value name="is_global">false</value>
            <value name="is_soap_array_encoding_used">false</value>
          </record>
        </array>
        <value name="modifiable">true</value>
      </record>
    </array>
    <value name="modifiable">true</value>
  </record>
</Values>
</MAPSOURCE>

  <!-- nodes -->

<MAPDELETE FIELD="/$finally;1;0">
</MAPDELETE>

<MAPDELETE FIELD="/$service;1;0">
</MAPDELETE>

<MAPDELETE FIELD="/$pipeline;2;0">
</MAPDELETE>

<MAPCOPY FROM="/$pipeline;2;0/$message;1;0" TO="/$message;1;0">
</MAPCOPY>

<MAPCOPY NAME="Link" FROM="/$pipeline;2;0/$exceptions;3;1" TO="/$exceptions;3;1">
</MAPCOPY>

<MAPDELETE NAME="Dropper" FIELD="/$pipeline.finally;2;0">
</MAPDELETE>

<MAPDELETE NAME="Dropper" FIELD="/$catch;1;0">
</MAPDELETE>
</MAP>
</INVOKE>
</BRANCH>

<MAP NAME="drop" TIMEOUT="" MODE="STANDALONE">
  <COMMENT></COMMENT>
  <MAPTARGET>

<Values version="2.0">
  <record name="xml" javaclass="com.wm.util.Values">
    <value name="node_type">record</value>
    <value name="is_public">false</value>
    <value name="field_type">record</value>
    <value name="field_dim">0</value>
    <value name="nillable">true</value>
    <value name="form_qualified">false</value>
    <value name="is_global">false</value>
    <array name="rec_fields" type="record" depth="1">
      <record javaclass="com.wm.util.Values">
        <value name="node_type">record</value>
        <value name="node_comment"></value>
        <record name="node_hints" javaclass="com.wm.util.Values">
          <value name="field_largerEditor">false</value>
          <value name="field_password">false</value>
        </record>
        <value name="is_public">false</value>
        <value name="field_name">$source</value>
        <value name="field_type">record</value>
        <value name="field_dim">0</value>
        <value name="nillable">false</value>
        <value name="form_qualified">false</value>
        <value name="is_global">false</value>
        <array name="rec_fields" type="record" depth="1">
          <record javaclass="com.wm.util.Values">
            <value name="node_type">record</value>
            <value name="node_comment"></value>
            <record name="node_hints" javaclass="com.wm.util.Values">
              <null name="field_usereditable"/>
              <value name="field_largerEditor">false</value>
              <value name="field_password">false</value>
            </record>
            <value name="is_public">false</value>
            <value name="field_name">scheme</value>
            <value name="field_type">string</value>
            <value name="field_dim">0</value>
            <value name="field_opt">true</value>
            <record name="field_content_type" javaclass="com.wm.util.Values">
              <value name="contentType">1</value>
              <value name="internalType">reference</value>
              <value name="dataTypeVersion">dtVersion2</value>
              <array name="targetNames" type="record" depth="1">
                <record javaclass="com.wm.util.Values">
                  <value name="xmlns">http://www.w3.org/2001/XMLSchema</value>
                  <value name="ncName">string</value>
                </record>
              </array>
            </record>
            <value name="nillable">true</value>
            <value name="form_qualified">false</value>
            <value name="is_global">false</value>
          </record>
          <record javaclass="com.wm.util.Values">
            <value name="node_type">record</value>
            <value name="node_comment"></value>
            <record name="node_hints" javaclass="com.wm.util.Values">
              <null name="field_usereditable"/>
              <value name="field_largerEditor">false</value>
              <value name="field_password">false</value>
            </record>
            <value name="is_public">false</value>
            <value name="field_name">body</value>
            <value name="field_type">string</value>
            <value name="field_dim">0</value>
            <value name="field_opt">true</value>
            <record name="field_content_type" javaclass="com.wm.util.Values">
              <value name="contentType">1</value>
              <value name="internalType">reference</value>
              <value name="dataTypeVersion">dtVersion2</value>
              <array name="targetNames" type="record" depth="1">
                <record javaclass="com.wm.util.Values">
                  <value name="xmlns">http://www.w3.org/2001/XMLSchema</value>
                  <value name="ncName">string</value>
                </record>
              </array>
            </record>
            <value name="nillable">true</value>
            <value name="form_qualified">false</value>
            <value name="is_global">false</value>
          </record>
          <record javaclass="com.wm.util.Values">
            <value name="node_type">record</value>
            <value name="node_comment"></value>
            <record name="node_hints" javaclass="com.wm.util.Values">
              <value name="field_largerEditor">false</value>
              <value name="field_password">false</value>
            </record>
            <value name="is_public">false</value>
            <value name="field_name">authority</value>
            <value name="field_type">record</value>
            <value name="field_dim">0</value>
            <value name="field_opt">true</value>
            <value name="nillable">true</value>
            <value name="form_qualified">false</value>
            <value name="is_global">false</value>
            <array name="rec_fields" type="record" depth="1">
            </array>
            <value name="modifiable">true</value>
          </record>
          <record javaclass="com.wm.util.Values">
            <value name="node_type">record</value>
            <value name="node_comment"></value>
            <record name="node_hints" javaclass="com.wm.util.Values">
              <value name="field_largerEditor">false</value>
              <value name="field_password">false</value>
            </record>
            <value name="is_public">false</value>
            <value name="field_name">path</value>
            <value name="field_type">string</value>
            <value name="field_dim">1</value>
            <value name="field_opt">true</value>
            <record name="field_content_type" javaclass="com.wm.util.Values">
              <value name="contentType">1</value>
              <value name="internalType">reference</value>
              <value name="dataTypeVersion">dtVersion2</value>
              <array name="targetNames" type="record" depth="1">
                <record javaclass="com.wm.util.Values">
                  <value name="xmlns">http://www.w3.org/2001/XMLSchema</value>
                  <value name="ncName">string</value>
                </record>
              </array>
            </record>
            <value name="nillable">true</value>
            <value name="form_qualified">false</value>
            <value name="is_global">false</value>
            <value name="is_soap_array_encoding_used">false</value>
          </record>
          <record javaclass="com.wm.util.Values">
            <value name="node_type">record</value>
            <value name="node_comment"></value>
            <record name="node_hints" javaclass="com.wm.util.Values">
              <null name="field_usereditable"/>
              <value name="field_largerEditor">false</value>
              <value name="field_password">false</value>
            </record>
            <value name="is_public">false</value>
            <value name="field_name">file</value>
            <value name="field_type">string</value>
            <value name="field_dim">0</value>
            <value name="field_opt">true</value>
            <record name="field_content_type" javaclass="com.wm.util.Values">
              <value name="contentType">1</value>
              <value name="internalType">reference</value>
              <value name="dataTypeVersion">dtVersion2</value>
              <array name="targetNames" type="record" depth="1">
                <record javaclass="com.wm.util.Values">
                  <value name="xmlns">http://www.w3.org/2001/XMLSchema</value>
                  <value name="ncName">string</value>
                </record>
              </array>
            </record>
            <value name="nillable">true</value>
            <value name="form_qualified">false</value>
            <value name="is_global">false</value>
          </record>
          <record javaclass="com.wm.util.Values">
            <value name="node_type">record</value>
            <value name="node_comment"></value>
            <record name="node_hints" javaclass="com.wm.util.Values">
              <value name="field_largerEditor">false</value>
              <value name="field_password">false</value>
            </record>
            <value name="is_public">false</value>
            <value name="field_name">query</value>
            <value name="field_type">record</value>
            <value name="field_dim">0</value>
            <value name="field_opt">true</value>
            <value name="nillable">true</value>
            <value name="form_qualified">false</value>
            <value name="is_global">false</value>
            <array name="rec_fields" type="record" depth="1">
            </array>
            <value name="modifiable">true</value>
          </record>
          <record javaclass="com.wm.util.Values">
            <value name="node_type">record</value>
            <value name="node_comment"></value>
            <record name="node_hints" javaclass="com.wm.util.Values">
              <null name="field_usereditable"/>
              <value name="field_largerEditor">false</value>
              <value name="field_password">false</value>
            </record>
            <value name="is_public">false</value>
            <value name="field_name">fragment</value>
            <value name="field_type">string</value>
            <value name="field_dim">0</value>
            <value name="field_opt">true</value>
            <record name="field_content_type" javaclass="com.wm.util.Values">
              <value name="contentType">1</value>
              <value name="internalType">reference</value>
              <value name="dataTypeVersion">dtVersion2</value>
              <array name="targetNames" type="record" depth="1">
                <record javaclass="com.wm.util.Values">
                  <value name="xmlns">http://www.w3.org/2001/XMLSchema</value>
                  <value name="ncName">string</value>
                </record>
              </array>
            </record>
            <value name="nillable">true</value>
            <value name="form_qualified">false</value>
            <value name="is_global">false</value>
          </record>
        </array>
        <value name="modifiable">true</value>
      </record>
      <record javaclass="com.wm.util.Values">
        <value name="node_type">record</value>
        <value name="node_comment"></value>
        <record name="node_hints" javaclass="com.wm.util.Values">
          <null name="field_usereditable"/>
          <value name="field_largerEditor">false</value>
          <value name="field_password">false</value>
        </record>
        <value name="is_public">false</value>
        <value name="field_name">$message</value>
        <value name="field_type">string</value>
        <value name="field_dim">0</value>
        <value name="field_opt">true</value>
        <record name="field_content_type" javaclass="com.wm.util.Values">
          <value name="contentType">1</value>
          <value name="internalType">reference</value>
          <value name="dataTypeVersion">dtVersion2</value>
          <array name="targetNames" type="record" depth="1">
            <record javaclass="com.wm.util.Values">
              <value name="xmlns">http://www.w3.org/2001/XMLSchema</value>
              <value name="ncName">string</value>
            </record>
          </array>
        </record>
        <value name="nillable">true</value>
        <value name="form_qualified">false</value>
        <value name="is_global">false</value>
      </record>
      <record javaclass="com.wm.util.Values">
        <value name="node_type">record</value>
        <value name="node_comment"></value>
        <record name="node_hints" javaclass="com.wm.util.Values">
          <value name="field_largerEditor">false</value>
          <value name="field_password">false</value>
        </record>
        <value name="is_public">false</value>
        <value name="field_name">$exceptions</value>
        <value name="field_type">object</value>
        <value name="field_dim">1</value>
        <value name="field_opt">true</value>
        <value name="nillable">true</value>
        <value name="form_qualified">false</value>
        <value name="is_global">false</value>
        <value name="is_soap_array_encoding_used">false</value>
      </record>
      <record javaclass="com.wm.util.Values">
        <value name="node_type">record</value>
        <value name="node_comment"></value>
        <record name="node_hints" javaclass="com.wm.util.Values">
          <null name="field_usereditable"/>
          <value name="field_largerEditor">false</value>
          <value name="field_password">false</value>
        </record>
        <value name="is_public">false</value>
        <value name="field_name">$service.input</value>
        <value name="field_type">string</value>
        <value name="field_dim">0</value>
        <value name="field_opt">true</value>
        <record name="field_content_type" javaclass="com.wm.util.Values">
          <value name="contentType">1</value>
          <value name="internalType">reference</value>
          <value name="dataTypeVersion">dtVersion2</value>
          <array name="targetNames" type="record" depth="1">
            <record javaclass="com.wm.util.Values">
              <value name="xmlns">http://www.w3.org/2001/XMLSchema</value>
              <value name="ncName">string</value>
            </record>
          </array>
        </record>
        <value name="nillable">true</value>
        <value name="form_qualified">false</value>
        <value name="is_global">false</value>
      </record>
      <record javaclass="com.wm.util.Values">
        <value name="node_type">record</value>
        <value name="node_comment"></value>
        <record name="node_hints" javaclass="com.wm.util.Values">
          <null name="field_usereditable"/>
          <value name="field_largerEditor">false</value>
          <value name="field_password">false</value>
        </record>
        <value name="is_public">false</value>
        <value name="field_name">$limit</value>
        <value name="field_type">string</value>
        <value name="field_dim">0</value>
        <value name="field_opt">true</value>
        <record name="field_content_type" javaclass="com.wm.util.Values">
          <value name="contentType">1</value>
          <value name="internalType">reference</value>
          <value name="dataTypeVersion">dtVersion2</value>
          <array name="targetNames" type="record" depth="1">
            <record javaclass="com.wm.util.Values">
              <value name="xmlns">http://www.w3.org/2001/XMLSchema</value>
              <value name="ncName">positiveInteger</value>
            </record>
          </array>
        </record>
        <value name="nillable">true</value>
        <value name="form_qualified">false</value>
        <value name="is_global">false</value>
      </record>
    </array>
    <value name="modifiable">true</value>
  </record>
</Values>
</MAPTARGET>
  <MAPSOURCE>

<Values version="2.0">
  <record name="xml" javaclass="com.wm.util.Values">
    <value name="node_type">record</value>
    <value name="is_public">false</value>
    <value name="field_type">record</value>
    <value name="field_dim">0</value>
    <value name="nillable">true</value>
    <value name="form_qualified">false</value>
    <value name="is_global">false</value>
    <array name="rec_fields" type="record" depth="1">
      <record javaclass="com.wm.util.Values">
        <value name="node_type">record</value>
        <value name="node_comment"></value>
        <record name="node_hints" javaclass="com.wm.util.Values">
          <value name="field_largerEditor">false</value>
          <value name="field_password">false</value>
        </record>
        <value name="is_public">false</value>
        <value name="field_name">$source</value>
        <value name="field_type">record</value>
        <value name="field_dim">0</value>
        <value name="nillable">false</value>
        <value name="form_qualified">false</value>
        <value name="is_global">false</value>
        <array name="rec_fields" type="record" depth="1">
          <record javaclass="com.wm.util.Values">
            <value name="node_type">record</value>
            <value name="node_comment"></value>
            <record name="node_hints" javaclass="com.wm.util.Values">
              <null name="field_usereditable"/>
              <value name="field_largerEditor">false</value>
              <value name="field_password">false</value>
            </record>
            <value name="is_public">false</value>
            <value name="field_name">scheme</value>
            <value name="field_type">string</value>
            <value name="field_dim">0</value>
            <value name="field_opt">true</value>
            <record name="field_content_type" javaclass="com.wm.util.Values">
              <value name="contentType">1</value>
              <value name="internalType">reference</value>
              <value name="dataTypeVersion">dtVersion2</value>
              <array name="targetNames" type="record" depth="1">
                <record javaclass="com.wm.util.Values">
                  <value name="xmlns">http://www.w3.org/2001/XMLSchema</value>
                  <value name="ncName">string</value>
                </record>
              </array>
            </record>
            <value name="nillable">true</value>
            <value name="form_qualified">false</value>
            <value name="is_global">false</value>
          </record>
          <record javaclass="com.wm.util.Values">
            <value name="node_type">record</value>
            <value name="node_comment"></value>
            <record name="node_hints" javaclass="com.wm.util.Values">
              <null name="field_usereditable"/>
              <value name="field_largerEditor">false</value>
              <value name="field_password">false</value>
            </record>
            <value name="is_public">false</value>
            <value name="field_name">body</value>
            <value name="field_type">string</value>
            <value name="field_dim">0</value>
            <value name="field_opt">true</value>
            <record name="field_content_type" javaclass="com.wm.util.Values">
              <value name="contentType">1</value>
              <value name="internalType">reference</value>
              <value name="dataTypeVersion">dtVersion2</value>
              <array name="targetNames" type="record" depth="1">
                <record javaclass="com.wm.util.Values">
                  <value name="xmlns">http://www.w3.org/2001/XMLSchema</value>
                  <value name="ncName">string</value>
                </record>
              </array>
            </record>
            <value name="nillable">true</value>
            <value name="form_qualified">false</value>
            <value name="is_global">false</value>
          </record>
          <record javaclass="com.wm.util.Values">
            <value name="node_type">record</value>
            <value name="node_comment"></value>
            <record name="node_hints" javaclass="com.wm.util.Values">
              <value name="field_largerEditor">false</value>
              <value name="field_password">false</value>
            </record>
            <value name="is_public">false</value>
            <value name="field_name">authority</value>
            <value name="field_type">record</value>
            <value name="field_dim">0</value>
            <value name="field_opt">true</value>
            <value name="nillable">true</value>
            <value name="form_qualified">false</value>
            <value name="is_global">false</value>
            <array name="rec_fields" type="record" depth="1">
            </array>
            <value name="modifiable">true</value>
          </record>
          <record javaclass="com.wm.util.Values">
            <value name="node_type">record</value>
            <value name="node_comment"></value>
            <record name="node_hints" javaclass="com.wm.util.Values">
              <value name="field_largerEditor">false</value>
              <value name="field_password">false</value>
            </record>
            <value name="is_public">false</value>
            <value name="field_name">path</value>
            <value name="field_type">string</value>
            <value name="field_dim">1</value>
            <value name="field_opt">true</value>
            <record name="field_content_type" javaclass="com.wm.util.Values">
              <value name="contentType">1</value>
              <value name="internalType">reference</value>
              <value name="dataTypeVersion">dtVersion2</value>
              <array name="targetNames" type="record" depth="1">
                <record javaclass="com.wm.util.Values">
                  <value name="xmlns">http://www.w3.org/2001/XMLSchema</value>
                  <value name="ncName">string</value>
                </record>
              </array>
            </record>
            <value name="nillable">true</value>
            <value name="form_qualified">false</value>
            <value name="is_global">false</value>
            <value name="is_soap_array_encoding_used">false</value>
          </record>
          <record javaclass="com.wm.util.Values">
            <value name="node_type">record</value>
            <value name="node_comment"></value>
            <record name="node_hints" javaclass="com.wm.util.Values">
              <null name="field_usereditable"/>
              <value name="field_largerEditor">false</value>
              <value name="field_password">false</value>
            </record>
            <value name="is_public">false</value>
            <value name="field_name">file</value>
            <value name="field_type">string</value>
            <value name="field_dim">0</value>
            <value name="field_opt">true</value>
            <record name="field_content_type" javaclass="com.wm.util.Values">
              <value name="contentType">1</value>
              <value name="internalType">reference</value>
              <value name="dataTypeVersion">dtVersion2</value>
              <array name="targetNames" type="record" depth="1">
                <record javaclass="com.wm.util.Values">
                  <value name="xmlns">http://www.w3.org/2001/XMLSchema</value>
                  <value name="ncName">string</value>
                </record>
              </array>
            </record>
            <value name="nillable">true</value>
            <value name="form_qualified">false</value>
            <value name="is_global">false</value>
          </record>
          <record javaclass="com.wm.util.Values">
            <value name="node_type">record</value>
            <value name="node_comment"></value>
            <record name="node_hints" javaclass="com.wm.util.Values">
              <value name="field_largerEditor">false</value>
              <value name="field_password">false</value>
            </record>
            <value name="is_public">false</value>
            <value name="field_name">query</value>
            <value name="field_type">record</value>
            <value name="field_dim">0</value>
            <value name="field_opt">true</value>
            <value name="nillable">true</value>
            <value name="form_qualified">false</value>
            <value name="is_global">false</value>
            <array name="rec_fields" type="record" depth="1">
            </array>
            <value name="modifiable">true</value>
          </record>
          <record javaclass="com.wm.util.Values">
            <value name="node_type">record</value>
            <value name="node_comment"></value>
            <record name="node_hints" javaclass="com.wm.util.Values">
              <null name="field_usereditable"/>
              <value name="field_largerEditor">false</value>
              <value name="field_password">false</value>
            </record>
            <value name="is_public">false</value>
            <value name="field_name">fragment</value>
            <value name="field_type">string</value>
            <value name="field_dim">0</value>
            <value name="field_opt">true</value>
            <record name="field_content_type" javaclass="com.wm.util.Values">
              <value name="contentType">1</value>
              <value name="internalType">reference</value>
              <value name="dataTypeVersion">dtVersion2</value>
              <array name="targetNames" type="record" depth="1">
                <record javaclass="com.wm.util.Values">
                  <value name="xmlns">http://www.w3.org/2001/XMLSchema</value>
                  <value name="ncName">string</value>
                </record>
              </array>
            </record>
            <value name="nillable">true</value>
            <value name="form_qualified">false</value>
            <value name="is_global">false</value>
          </record>
        </array>
        <value name="modifiable">true</value>
      </record>
      <record javaclass="com.wm.util.Values">
        <value name="node_type">unknown</value>
        <value name="is_public">false</value>
        <value name="field_name">$message</value>
        <value name="field_type">string</value>
        <value name="field_dim">0</value>
        <value name="nillable">true</value>
        <value name="form_qualified">false</value>
        <value name="is_global">false</value>
      </record>
      <record javaclass="com.wm.util.Values">
        <value name="node_type">unknown</value>
        <value name="is_public">false</value>
        <value name="field_name">$exceptions</value>
        <value name="field_type">object</value>
        <value name="field_dim">1</value>
        <value name="nillable">true</value>
        <value name="form_qualified">false</value>
        <value name="is_global">false</value>
        <value name="is_soap_array_encoding_used">false</value>
      </record>
      <record javaclass="com.wm.util.Values">
        <value name="node_type">record</value>
        <value name="node_comment"></value>
        <record name="node_hints" javaclass="com.wm.util.Values">
          <null name="field_usereditable"/>
          <value name="field_largerEditor">false</value>
          <value name="field_password">false</value>
        </record>
        <value name="is_public">false</value>
        <value name="field_name">$service.input</value>
        <value name="field_type">string</value>
        <value name="field_dim">0</value>
        <value name="field_opt">true</value>
        <record name="field_content_type" javaclass="com.wm.util.Values">
          <value name="contentType">1</value>
          <value name="internalType">reference</value>
          <value name="dataTypeVersion">dtVersion2</value>
          <array name="targetNames" type="record" depth="1">
            <record javaclass="com.wm.util.Values">
              <value name="xmlns">http://www.w3.org/2001/XMLSchema</value>
              <value name="ncName">string</value>
            </record>
          </array>
        </record>
        <value name="nillable">true</value>
        <value name="form_qualified">false</value>
        <value name="is_global">false</value>
      </record>
      <record javaclass="com.wm.util.Values">
        <value name="node_type">unknown</value>
        <value name="is_public">false</value>
        <value name="field_name">sessionKey</value>
        <value name="field_type">string</value>
        <value name="field_dim">0</value>
        <value name="nillable">true</value>
        <value name="form_qualified">false</value>
        <value name="is_global">false</value>
      </record>
      <record javaclass="com.wm.util.Values">
        <value name="node_type">record</value>
        <value name="node_comment"></value>
        <record name="node_hints" javaclass="com.wm.util.Values">
          <null name="field_usereditable"/>
          <value name="field_largerEditor">false</value>
          <value name="field_password">false</value>
        </record>
        <value name="is_public">false</value>
        <value name="field_name">$limit</value>
        <value name="field_type">string</value>
        <value name="field_dim">0</value>
        <value name="field_opt">true</value>
        <record name="field_content_type" javaclass="com.wm.util.Values">
          <value name="contentType">1</value>
          <value name="internalType">reference</value>
          <value name="dataTypeVersion">dtVersion2</value>
          <array name="targetNames" type="record" depth="1">
            <record javaclass="com.wm.util.Values">
              <value name="xmlns">http://www.w3.org/2001/XMLSchema</value>
              <value name="ncName">positiveInteger</value>
            </record>
          </array>
        </record>
        <value name="nillable">true</value>
        <value name="form_qualified">false</value>
        <value name="is_global">false</value>
      </record>
    </array>
    <value name="modifiable">true</value>
  </record>
</Values>
</MAPSOURCE>

  <!-- nodes -->

<MAPDELETE FIELD="/sessionKey;1;0">
</MAPDELETE>

<MAPDELETE NAME="Dropper" FIELD="/$source;2;0">
</MAPDELETE>

<MAPDELETE NAME="Dropper" FIELD="/$service.input;1;0">
</MAPDELETE>

<MAPDELETE NAME="Dropper" FIELD="/$limit;1;0">
</MAPDELETE>
</MAP>
</FLOW>
