<exceptionHandling xmlns:xsi="http://www.w3.org/2001/XMLSchema-instance" xsi:noNamespaceSchemaLocation="../../WxResilience/config/ExceptionHandling.xsd">
	<location name="wx">
		<location name="integrationTest">			
			<location name="controller">
            	<location name="testclient">
                    <location name="handleClientMessage">
        				<exception type="all" errorToBeThrown="NONE" exceptionHandlingId="WxIntegrationTestController.top.001">
        					<handling>wx.resilience.pub.resilience.errorHandling:logError</handling>
							<handling>wx.resilience.pub.resilience.errorHandling:publishErrorStatus</handling>
        				</exception>
                    </location>
    				<exception type="all" errorToBeThrown="FATAL" exceptionHandlingId="WxIntegrationTestController.top.002">
    					<handling>wx.resilience.pub.resilience.errorHandling:logError</handling>
						<handling>wx.resilience.pub.resilience.errorHandling:publishErrorStatus</handling>
    				</exception>
                </location>
			</location>
		</location>
	</location>
</exceptionHandling>